"x_time","y_time_abs","y_time_complex"
"22.0","1.5297058540778354","(0.3+1.5j)"
"22.1","1.9849433241279208","(1.3+1.5j)"
"22.2","2.745906043549196","(2.3+1.5j)"
"22.3","3.6249137920783716","(3.3+1.5j)"
"22.4","4.55411901469428","(4.3+1.5j)"
"22.5","5.508175741568165","(5.3+1.5j)"
"22.6","6.476109943476871","(6.3+1.5j)"
"22.7","7.4525163535546834","(7.3+1.5j)"
"22.8","8.434453153583819","(8.3+1.5j)"
"22.9","9.42019108086455","(9.3+1.5j)"
